nome do prato;principais ingredientes;Possui glúten?;Possui lactose?
ABACAXI CARAMELADO;açucar,farinha de trigo;SIM;NÃO
ABOBORA TEMPERADA;azeite,cebolinha,sal;NÃO;NÃO
ABOBRINHA C/ PARMESÃO;sal,pimenta,alho,limão,queijo parmesão;NÃO;SIM
ABOBRINHA CREMOSA;m.branco,farinha de rosca,queijo,azeite,pimenta;SIM;SIM
ABOBRINHA GRATINADA ;abobrinha, queijo, cebola, alho;NÃO;SIM
ABOBRINHA REC. BACALHAU;bacalhau,queijo,m.branco,sal,pimenta;SIM;SIM
ABOBRINHA RECH COM CARNE;condimentos, carne moída, sal, abobrinha;NÃO;NÃO
ABOBRINHA TOMATE CEREJA;abobrinha,tomate cereja,sal,cebolinha,alho,salsa.;NÃO;NÃO
ACELGA c/ CENOURA;acelga,pimentão,cenoura,azeite;NÃO;NÃO
ACELGA C/ FRUTAS;acelga,melhão, manga, morango;NÃO;NÃO
ACELGA C/ MORANGO;azeite,morango,acelga;NÃO;NÃO
ACELGA REC.C/ FRANGO;cr. de leite,frango,maionese;NÃO;SIM
ALCATRA - MOLHO CERVEJA;Condimentos, cerveja, cenoura, cebola, molho shoyu;SIM;NÃO
ALMÔNDEGA DE SOJA;ovo, farinha de rosca e molho de tomate;SIM;SIM
ALMÔNDEGAS DE CARNE;carne moida,condimentos,ovo;SIM;NÃO
ALMÔNDEGAS DE FRANGO;frango,tomate,cebola,pimentão,tempero,f.de rosca;SIM;NÃO
ARROZ  ERVILHA PRESUNTO;ervilha fresca, presunto de frango;NÃO;NÃO
ARROZ À BRASILEIRA;milho, ervilha, azeitona;NÃO;NÃO
ARROZ À FRANCESA;presunto em cubos,ervilha,milho;NÃO;NÃO
ARROZ À GREGA ;Presunto, uva passa, vagem;NÃO;NÃO
ARROZ À PIAMONTESE;molho branco, queijo;SIM;SIM
ARROZ AMERICANO;arroz , bacon, milho, salsa, sal.;NÃO;NÃO
ARROZ BRANCO;oléo e alho;NÃO;NÃO
ARROZ C/ BROCOLIS;alho,oleo,;NÃO;NÃO
ARROZ C/ ERVILHAS;Sal, ervilhas, óleo;;
ARROZ C/ LEGUMES;oleo,cenoura.vagem, chuchu,ervilha;NÃO;NÃO
ARROZ CARIOCA;cenoura, milho,cebolinha;NÃO ;NÃO
ARROZ CHINÊS;ovo, presunto e vagem;NÃO;NÃO
ARROZ COLORIDO;pimentão amarelo, pimentão vermelho, presunto;NÃO;NÃO
ARROZ DE FORNO ;queijo,presunto,molho de tomate,carne moida;SIM;SIM
ARROZ DE LEITE;leite, creme de leite;NÃO;SIM
ARROZ DOCE;leite de coco, leite condensado;NÃO;SIM
ARROZ INTEGRAL;água e sal;NÃO;NÃO
ARROZ JARDINEIRA;legumes ,alho ,oleo;NÃO;NÃO
ARROZ PRIMAVERA;pimentão,cenoura,milho;NÃO;NÃO
ARRUMADINHO;carne de charque e vinagrete;NÃO;NÃO
AZEITONA;azeitona;NÃO;NÃO
BACALHAU À FRANCESA;m.bechamel,pão,queijo parmesão,mussarela;SIM;SIM
BACALHAU À MODA;queijo coalho empanado,molho de tomate, m. branco;SIM;SIM
BACALHAU A MODA DA CASA;azeite,pimentões,cebola,pimenta,sal,brocolis;NÃO;NÃO
BACALHAU À PORTUGUESA;azeite,ovos,cebola,tomate,batata inglesa;NÃO;NÃO
BACALHAU À REALEZA;queijo, batata, cebola, tomate,m.branco;SIM;SIM
BACALHAU AO CREAM CHEESE;cream cheese, molho branco,batata,cr.leite;SIM;SIM
BACALHAU BELLE MEUNIÉRE;champignons,cebola roxa,tomate cereja,azeite;NÃO;NÃO
BACALHAU C/ CHEDDAR;molho branco, queijo cheddar,verduras;SIM;SIM
BACALHAU CATUPIRY;creme de leite, cebola, molho branco;SIM;SIM
BACALHAU CREME CATUPIRY;m.branco, catupiry, batata, cebola, salsinha;SIM;SIM
BACALHAU CREMOSO;M.branco,queijo parmesão;SIM;SIM
BACALHAU DE FORNO;M.Bechamel,tomate, champignon,pimentão;SIM;SIM
BACALHAU DE FORNO;ovo, tomate,pimentões;NÃO;SIM
BACALHAU EM POSTA;azeite, vinagrete,tempero fondor;SIM;NÃO
BACALHAU GOMES DE SÁ;batata, ovo, azeitona,azeite, salsa;NÃO;NÃO
;;NÃO;NÃO
BACALHAU LUSITANO;batatas,cenoura,brocolis,alho,ovo,cebolinha,;NÃO;NÃO
BACALHAU NO COCO;bacalhau, creme de leite, azeite de dendê;NÃO;SIM
BACALHAU NOBRE;cenoura, m. branco,queijo,ovo,biscoito;SIM;SIM
BACALHAU ZÉ DO PIPO;verduras,batata, leite,margarina,cr.de leite;NÃO;SIM
BACALHOADA;queijo,batata,tomate, cebola, pimentão;NÃO;SIM
BANANA CARAMELADA;suco de laranja,açucar,;NÃO;NÃO
BANANA COZIDA;agua ,sal;NÃO;NÃO
BANANA MILANESA;ovo, farinha de trigo, farinha de rosca;SIM;SIM
BANDEJA DE FRIOS;queijos, kani, presunto;SIM;SIM
BANDEJAS DE FRUTAS;abacaxi,melão,manga,kiwi,melancia;NÃO;NÃO
BATATA DOCE ;água e sal;NÃO;NÃO
BATATA FRITA;batata inglesa;NÃO;NÃO
BATATA GRATINADA ;Molho branco, queijo, orégano;SIM;SIM
BATATA PARMESAN;queijo ralado, alho, cebola;NÃO;SIM
BATATA QUATRO QUEIJOS;provolone,parmesão,mussarela,prato,m branco;SIM;SIM
BATATA REC. C/ CALABRESA;calabresa,queijo ralado,requeijão,cebola;SIM;SIM
BATATA SUPREMA CALABRESA;calabresa, creme de leite,catupiry,queijo;NÃO;SIM
BATATA SUPREMA CAMARÃO;cr. De leite,queijo,catupiry;SIM;SIM
BATATA SUPREMA DE FRANGO;catupiry,cr.de leite,queijo,salsa,cebola,;SIM;SIM
BATATAS CORADAS ;açafrão ,oregano, farinha de trigo,margarina;SIM;SIM
BERINJELA A MILANESA;ovo,leite,farinha de rosca,óleo;SIM;SIM
BERINJELA C/ TOMATE SECO;berinjela,tomate seco,queijo,oregano,manjericão;NÃO;SIM
BERINJELA DELÍCIA;queijo, molho de tomate, orégano;NÃO;SIM
BERINJELA EMPANADA;ovo, farinha de rosca, trigo,oleo,leite;SIM;SIM
BERINJELA REC.C/ RICOTA;ricota,queijo,m. de tomate,sal;NÃO;SIM
BERINJELA RECHEADA;ricota, molho branco, molho de tomate, mussarela;SIM;SIM
BERINJELA REFOGADA;azeite,verduras,sal azeitona;NÃO;NÃO
BETERRABA COZIDA;açúcar;NÃO;NÃO
BETERRABA CRUA;beterraba;NÃO;NÃO
BIFE ACEBOLADO;carne bovina,sal, temperos, alho, oleo;NÃO;NÃO
BIFE AO MOLHO DE ERVAS;ervas, alho-poró, molho;SIM;SIM
BIFE AO MOLHO ROTI;vinho tinto, cenoura, cebola;SIM;NÃO
BIFE C/ LEGUMES;alcatra,abobrinha,cenoura,condimentos;SIM;NÃO
BIFE CHATEUABRIAND;queijo, presunto,m. branco;SIM;SIM
BIFE DE PANELA; legumes,alho,sal,pimenta,oleo,colorau;SIM;NÃO
BIFE M. DE ERVAS;condimentos,manjericão,ervas finas;SIM;NÃO
BIFE MOLHO BARBECUE;catchup,mostarda,m.inglês,açucar;NÃO;NÃO
BODE GUISADO;sal,alho,condimentos;NÃO;NÃO
BOLINHO ARROZ INTEGRAL;queijo, farinha de trigo, farinha de rosca;SIM;SIM
BOLINHO DE BACALHAU;ovo,farinha de rosca,salsa,batata inglesa;SIM;SIM
BOLINHO DE MACAXEIRA;queijo, calabresa, farinha de rosca;SIM;SIM
BOLINHO DE QUEIJO;ovo, farinha de trigo, farinha de rosca;SIM;SIM
BOLO  CARNE C/ PROVOLONE;carne , queijo provolone,ovo, farinha de rosca;SIM;SIM
BOLO  CARNE CREAM CHEESE;ovo, farinha de rosca, cream cheese,;SIM;SIM
BRÓCOLIS;azeite;NÃO;NÃO
BROCOLIS GRATINADO;molho branco, queijo parmesão;SIM;SIM
BRUSQUETA RECHEADA ;pão ,m.italiano.queijo,presunto,azeitona;SIM;SIM
CALABRESA ACEBOLADA;calabresa,cebola,margarina;SIM;SIM
CALDO VERDE ;batata inglesa,calabresa,couve folha,sal;NÃO;NÃO
CAMARÃO A PARMEGIANA;ovo, trigo, farinha de rosca, queijo;SIM;SIM
CAMARÃO AO M. DE QUEIJO;molho branco,queijo parmesão;SIM;SIM
CAMARÃO M. DA CASA;fondor,margarina,alho;SIM;SIM
CAMARÃO MOLHO DE QUEIJO;molho branco, queijo parmesão;SIM;SIM
CAMARÃO NA MORANGA ;abobora,cr,de leite.catupiry, margarina;NÃO;SIM
CAMARÃO VENEZA;molho branco, cenoura,azeitona,cebola,cr.de leite;SIM;SIM
CANELONE QUEIJO E PRES.;Molho branco, queijo, presunto;SIM;SIM
CANELONI FIT;abobrinha, queijo mussarela,molho de tomate,;NÃO;SIM
CANJA DE GALINHA;macarrão, frango,legumes,condimentos;SIM;NÃO
CAPONATA DE BERINJELA;azeitona, tomate,cebola,azeite;NÃO;NÃO
CARNE  MOLHO MADEIRA;champion, vinho tinto,cenoura,cebola;SIM;NÃO
CARNE À FRANCESA;molho de carne, cogumelo,cebola,bacon;SIM;NÃO
CARNE À PARMEGIANA;trigo, ovo, leite;SIM ;SIM
CARNE AO MOLHO CASEIRO;alcatra, shoyo, molho ingles;SIM;NÃO
CARNE DE SOL ACEBOLADA ;margarina, cebola;NÃO;SIM
CARNE DE SOL NA NATA;molho branco,nata, cebola;SIM;SIM
CARNE DE SOLC/ COALHO;queijo coalho,cebola,margarina;NÃO;SIM
CARNE M. DE VINHO;carne bovina,temperos, alho, vinho tinto,trigo;SIM;NÃO
CARNE M. DIPLOMATA;alcatra, ervilha fresca, bacon, caldo de carne;SIM;NÃO
CARNE M.ESPECIAL;M.inglês.shoyu,ameixa,cr.leite,azeitona,pimenta;SIM;SIM
CARNE M.PROVOLONE;alcatra bov.,molho branco,queijo provolone,c.carne;SIM;SIM
CARNE MOIDA ;óleo,alho,verduras;NÃO;NÃO
CARNE MOIDA C/ SALSICHA;salsicha,molho de tomate;SIM;NÃO
CARNE MOLHO CALABRESA;VInho tinto, cenoura, cebola,calabresa;SIM;NÃO
CARNE MOLHO FERRUGEM;caldo de carne, trigo,molho de tomate;SIM;NÃO
CARNE NA CERVEJA ;carne bovina, condimentos, trigo, cerveja preta;SIM;NÃO
CARNE NO CR. CEBOLA;carne, caldo de carne,creme de cebola;SIM;NÃO
CARNE REC. QUEIJO TOMATE;alcatra,tomate,queijo;SIM;SIM
CARNEIRO AO FORNO ;sal, alho,condimentos,;NÃO;NÃO
CARTOLA; leite condensado, canela, queijo, margarina;NÃO;SIM
CENOURA E CHUCHU;agua, sal, azeite ;NÃO;NÃO
CENOURA RALADA;cenoura crua ;NÃO;NÃO
CENOURA RALADA;cenoura;NÃO;NÃO
CHARUTO DE REPOLHO;carne moida,condimentos,arroz,;NÃO;NÃO
CHESTER;ave ,condimentos,sal;NÃO;NÃO
CHUCHU, CENOURA, VAGEM;azeite, sal;NÃO;NÃO
CONCHIGLIONE C/ BACALHAU;massa ,m.bechamel,queijo mussarela,bacalhau;SIM;SIM
CONCHIGLIONE CAMARÃO;m.branco,m. de tomate,catupiry;SIM;SIM
CONCHIGLIONE DE FRANGO;m.branco.m.de tomate,queijo;SIM;SIM
CONTRA FILÉ ACEBOLADO;cebola, condimentos,margarina, sal ;SIM;SIM
CONTRA FILÉ M. DIPLOMATA;molho de carne, ervilha fresca,bacon;SIM;NÃO
CONTRA FILÉ M. MADEIRA;molho de carne, cebola, cenoura,trigo,vinho;SIM;NÃO
COUVE À MINEIRA;óleo, alho, sal;NÃO;NÃO
COUVE FLOR GRATINADA;molho branco,queijo,;SIM;SIM
COUVE FLOR TEMPERADA;mel, mostarda,pimentão;NÃO;NÃO
COUVE REFOGADA;óleo, alho;NÃO;NÃO
COUVE-FLOR;couve flor ;NÃO;NÃO
COUVE-FOLHA COM RICOTA;couve, cebola, majericão, hortelã;NÃO;SIM
CREME DE GALINHA;FRANGO, TEMPERO, CREME DE LEITE, PÃO;SIM;SIM
CREME DE MILHO;molho bechamel,milho,alho,c.legumes;SIM;SIM
CROQUETE DE BACALHAU;batata, farinha de rosca, salsa, molho branco;SIM;SIM
CROQUETE DE CARNE ;batata inglesa,carne moída,f.  rosca,ovo,queijo;SIM;SIM
CROQUETE DE PEIXE;PURÊ, TRIGO, OVO, PEIXE, F. ROSCA;SIM;SIM
CUPIM AO FORNO;tempero, condimentos;NÃO;NÃO
CUSCUZ À MINEIRA;margarina,queijo,presunto,;NÃO;SIM
CUSCUZ C/ CALABRESA;Margarina, calabreza;NÃO;SIM
CUSCUZ C/ CARNE DESFIADA;carne seca, verduras, margarina;NÃO;NÃO
CUSCUZ C/ FRANGO;margarina, frango,verduras;NÃO ;SIM
CUSCUZ C/ OVOS;margarina, ovo;NÃO;SIM
CUSCUZ PAULISTA ;ovo, carne , frango, queijo e verduras;NÃO;SIM
CUSCUZ TEMPERADO;margarina, tomate,cebola,pimentão;NÃO;SIM
ERVILHA;;NÃO;NÃO
ESCALOPINHO DE CARNE;carne,condimentos,verduras;NÃO;NÃO
ESCONDIDINHO C/ CARNE;Macaxeira, creme de leite, queijo, margarina;NÃO;SIM
ESCONDIDINHO C/ CHARQUE;macaxeira, margarina,leite, creme de leite,charque;NÃO;SIM
ESCONDIDINHO C/ CHARQUE;margarina, cr. de leite,queijo;NÃO;SIM
ESPAGUETE ALHO E ÓLEO;alho, óleo;SIM;NÃO
ESPAGUETE C/ MANJERICÃO;Molho de tomate, manjericão;SIM;NÃO
ESPAGUETE DE ABOBRINHA;molho de tomate,carne moida,condimentos,abobrinha;NÃO;NÃO
ESPAGUETE NO M. CASEIRO;molho de tomate, verduras;SIM;SIM
ESTROGONOFE DE CAMARÃO;m. branco,cogumelos,catchup,cr. de leite;SIM;SIM
ESTROGONOFE DE CAMARÃO;molho branco, catupiry,creme de leite,catchup;SIM;SIM
ESTROGONOFE DE CARNE;molho branco, ketchup, mostarda;SIM;SIM
ESTROGONOFE DE CARNE;cr. de leite, m. branco.margarina,catchup;SIM;SIM
ESTROGONOFE DE FRANGO;molho branco, catchup, mostarda;SIM;SIM
FAROF. BANANA/ CALABRES;cabresa,banana da terra, margarina;NÃO;SIM
FAROFA C/ BACON;margarina,sal,bacon,alho;NÃO;SIM
FAROFA C/ BACON;bacon,cebola,margarina;NÃO;SIM
FAROFA C/ BATATA PALHA;farinha, margarina, batata palha;SIM;SIM
FAROFA C/ CALABRESA;margarina,cebolinha, sal,alho,calabresa;SIM;SIM
FAROFA C/ CHARQUE;MARGARINA,CHARQUE,ALHO;NÃO;SIM
FAROFA C/ OVOS;margarina, ovo,sal,alho ;NÃO;SIM
FAROFA CARIOCA;farinha, margarina, cenoura;NÃO;SIM
FAROFA CROCANTE;batata palha, margarina,alho, sal,charque;NÃO;SIM
FAROFA TRADICIONAL;margarina, alho, cebola;NÃO;SIM
FAVA ;calabresa,charque, mocotó,condimentos;NÃO;NÃO
FAVA VERDE;agua ,sal ,coentro;NÃO;NÃO
FEIJÃO BRANCO;condimentos,carne de charque,calabresa,;NÃO;NÃO
FEIJÃO CARIOQUINHA;legumes,condimentos,sal,alho,;NÃO;NÃO
FEIJÃO MACASSAR FAROFA;farinha mandioca,margarina, sal, cebola;NÃO;SIM
FEIJÃO MACASSAR NO CALDO;água, sal, coentro;NÃO;NÃO
FEIJÃO TROPEIRO;bacon, charque, calabresa;NÃO;NÃO
FEIJÃO VERDE NA FAROFA;margarina,sal, alho, farinha de mandioca;NÃO;SIM
FEIJÃO VERDE NO CALDO;agua ,sal ,coentro;NÃO;NÃO
FEIJÃO VERDE NO CUSCUZ;margarina, vinagrete,cuscuz;NÃO;SIM
FEIJOADA;porco, calabresa, charque;NÃO;NÃO
FILÉ DE FRANGO ACEBOLADO;óleo, cebola,margarina,alho;NÃO;SIM
FILÉ DE FRANGO GRELHADO;óleo e cebola;NÃO;NÃO
FILÉ DE FRANGO GRELHADO;margarina, sal ,alho;NÃO;SIM
FILÉ DE SOBRECOXA;alho, tempero seco;NÃO ;NÃO
FILÉ FRANGO GUISADO;condimentos,alho,sal,verduras;NÃO;NÃO
FILÉ SALMÃO  ALCAPARRAS;alcaparras,cebola,salsa,azeite;NÃO;NÃO
FOLHAS C/ MORANGO;couve folha, morango,acelga;NÃO;NÃO
FRANGO À MARGUERITA;tomate, ;;
FRANGO À PARISIENSE;ervilha,m. branco,presunto;SIM;SIM
FRANGO A PARMEGIANA;M. DE TOMATE,OVO,LEITE,TRIGO.QUEIJO;SIM;SIM
FRANGO À PASSARINHA;coxa de frango,alho ,sal ,batata doce chips;NÃO;NÃO
FRANGO A PIZZAIOLO;queijo,tomate,manjericão;NÃO;SIM
FRANGO À PIZZAIOLO;queijo, tomate;NÃO;SIM
FRANGO À ROMANESCA;presunto, molho branco, ervilha;SIM;SIM
FRANGO AMERICANO;batata palha, bacon,;NÃO;NÃO
FRANGO AO M. DE PALMITO;molho branco, palmito picado, margarina,cebola;SIM;SIM
FRANGO AO M. MOSTARDA;molho branco, mostarda;SIM;SIM
FRANGO AO PESTO;m.branco,manjericão,castanha,alho,cebola;SIM;SIM
FRANGO COM ERVILHAS;frango, molho branco, palmito e ervilhas;SIM;SIM
FRANGO CREMOSO;m. branco,batata palha,milho ;SIM;SIM
FRANGO DELICIA;filé de frango, purê de batata,queijo,cr de leite;NÃO;SIM
FRANGO ITALIANO;Molho de tomate, milho, azeitona;NÃO;NÃO
FRANGO KIEV;ricota, manjericão, queijo, molho branco;NÃO;SIM
FRANGO M. CARBONARA;M.branco,parmesão,bacon,cr.de leite,pimenta.;SIM;SIM
FRANGO M. DE CHEDDAR;molho branco, queijo cheddar;SIM;SIM
FRANGO M. DE ERVAS;creme de limão,ervas,ovo, m. branco;SIM;SIM
FRANGO M. DE QUEIJO;molho branco, queijo parmesão ;SIM;SIM
FRANGO M. DE RÚCULA;molho branco,rúcula,;SIM;SIM
FRANGO M. MATRICIANA;cebola, tomate,m.de tomate,bacon,manjericão;NÃO;NÃO
FRANGO M. PROVOLONE;m. branco,queijo provolone;SIM;SIM
FRANGO M.DE QUEIJO;MOLHO BRANCO,QUEIJO PARMESÃO;SIM;SIM
FRANGO M.MARACUJÁ;maracujá,m.bechamel,mel,cebola,filéde frango;SIM;SIM
FRANGO PEROLA NEGRA;bacon,tomate cereja,manjericão,cebola;NÃO;NÃO
FRANGO QUATRO QUEIJOS;m.branco parmesão ,provolone,coalho, mussarela;SIM;SIM
FRANGO SUPREMO;frango,queijo,presunto,farinha de rosca;SIM;SIM
FRANGO XADREZ;pimentoes,oleo de gergelim,M.shoyo,amido;NÃO;NÃO
FRICASSÊ DE BACALHAU;molho branco, catupiry,cebola,azeite;SIM;SIM
FRICASSÊ DE FRANGO;molho branco, batata palha e presunto;SIM;SIM
FRUTAS;manga, abacaxi, melancia, mamão, melão, kiwi;NÃO;NÃO
GALETO AO FORNO;ave ,condimentos,sal;NÃO;
GALINHA GUISADA;condimentos, legumes,alho, sal;NÃO;NÃO
GALINHA GUISADA;batatainglesa,condimentos,legumes;NÃO;NÃO
GALINHA MATRIZ;condimentos, legumes;NÃO;NÃO
GENGIBRE FATIADO;genginbre fatiado;NÃO;NÃO
GRÃO DE BICO;tomate,cebola,pimantão ,azeite;NÃO;NÃO
GUISADINHO DE CARNE;legumes, condimentos,carne bovina;NÃO;NÃO
HOT FISH;meca, mussarela, farinha de rosca, ovo;SIM;SIM
INHAME ;agua e sal,;NÃO;NÃO
ISCA  FRANGO C/ VERDURAS;tomate,pimentão,cebola,salsa;NÃO;NÃO
ISCA DE CARNE ACEBOLADA;óleo, cebola;NÃO;NÃO
ISCA DE FRANGO EMPANADA;ovo, trigo, leite,farinha de rosca;SIM;SIM
ISCA DE PEIXE A MILANESA;ovo, trigo, óleo,leite;SIM;SIM
ISCA PEIXE C/ GERGELIM;farinha de rosca, ovo, leite;SIM;SIM
ISCA PEIXE C/ GERGELIM;ovo, trigo, oleo, leite, gergelim;SIM;SIM
LASANHA  PÃO À ITALIANA;molho de tomate,bacon,requeijão,presunto, queijo;SIM;SIM
LASANHA BOLONHESA;carne moída, molho de tomate, queijo;SIM;SIM
LASANHA DE ABOBRINHA;carne moida,queijo,m.tomate,abobrinha;NÃO;SIM
LASANHA DE BERINJELA;carne moida,m. de tomate,queijo ,presunto;NÃO;SIM
LASANHA DE CAMARÃO;M. branco,m.de tomate,queijo,camarão;SIM;SIM
LASANHA DE FRANGO;molho branco, frango, queijo;SIM;SIM
LASANHA ESPINAFRE RICOTA;ricota,cr.de leite,espinafre,manjericão;SIM;SIM
LASANHA MISTA;molho branco, queijo, presunto de frango;SIM;SIM
LASANHA NORDESTINA;molho banco, queijo,carne de sol;SIM;SIM
LASANHA QUATRO QUEIJOS;provolone ,mussarela,parmesão,coalho;SIM;SIM
LEGUMES A SAUTÊ;brocolis,couve flor cenoura,chuchu.azeite,salsa.;NÃO;NÃO
LINGÜIÇA DE FRANGO;;SIM;NÃO
LOMBO AO MOLHO CASEIRO;lombo bovino, caldo de carne, temperos;SIM;NÃO
LOMBO AO MOLHO MADEIRA;Carne bovina, farinha de trigo, vinho, condimentos;SIM;NÃO
LOMBO M. FERRUGEM ;molho de carne, molho de tomate;SIM;NÃO
LOMBO M. PROVOLONE;caldo de carne, queijo provolone;SIM;SIM
LOMBO MATRICIANA;bacon, trigo,champion,cebola;SIM;NÃO
LOMBO REC. CALABRESA;condimentos,calabresa,verduras;NÃO;NÃO
M.C/PRESUNTO E AZEITONA;molho de tomate, presunto, azeitona;NÃO;NÃO
MACARRÃO INTEGRAL;molho de tomate;SIM;NÃO
MACASSAR  FAROFA  CUSCUZ;cuscuz,margarina,verduras;NÃO;SIM
MACASSAR FAROFA CUSCUZ;cuscuz,margarina,verduras;NÃO;SIM
MACASSAR NO CALDO;agua ,sal, coentro;NÃO;NÃO
MACAXEIRA ;agua , sal;NÃO;NÃO
MACAXEIRA FRITA;farinha de mandioca, óleo;NÃO;NÃO
MACAXEIRA FRITA;farinha de mandioca,sal,óleo;NÃO;NÃO
MACAXEIRA FRITA;farinha de mandioca e sal;NÃO;NÃO
MAIONESE C/ PEIXE;chuchu, cenoura, batata, peixe,maionese;NÃO;SIM
MAIONESE TEMPERADA;ovo, chuchu,cenoura,vinagrete,maionese;NÃO;SIM
MAIONESE TRADICIONAL;batata,chuchu,cenoura,maionese;NÃO;NÃO
MAXIXE NO COCO;maxixe verde,coco,creme de leite,sal,temperos;NÃO;SIM
MEDALHÃO DE FRANGO;molho branco, mostarda,bacon,cebolinha;SIM;SIM
MEDALHÃO DE FRANGO;filé de frango, bacon,condimentos;SIM;SIM
MEDALHÃO DE FRANGOFORNO;margarina,cebola,pimentão amarelo,bacon;NÃO;SIM
MEDALHÃO DE PEIXE ;peixe merluza,caldo de legumes,açafrão;SIM;NÃO
MEDALHÃO FRANGO AÇAFRÃO;filé de frango,bacon,m.branco,açafrão;SIM;SIM
MEDALHÃO FRANGO MOLHO;M.branco,bacon,queijo,pimenta,cebola;SIM;SIM
MILHO;;NÃO;NÃO
MIX DE FOLHAS E FRUTAS;alfaces, melão,manga,morango,;NÃO;NÃO
MOLHO Á BOLONHESA;molho de tomate,carne moida,condimentos;NÃO;NÃO
MOLHO A GENOVESE;molho ao sugo,bacon,manjericão,azeite,parmesão;NÃO;SIM
MOLHO BÉCHAMEL;farinha de trigo,margarina,leite,noz moscada;SIM;SIM
MOLHO C/ CALABRESA;m. de tomate,calabresa,verduras;NÃO;NÃO
MOLHO C/ COGUMELOS;frango, cogumelos, manjericão;NÃO;NÃO
MOLHO C/ ERVAS;m. de tomate,manjericão,oregano,salsa;NÃO;NÃO
MOLHO C/ FRANGO;molho de tomate, frango;NÃO;NÃO
MOLHO CARBONARA;M. Branco,parmesão,bacon,cr.de leite,pimenta;SIM;SIM
MOLHO CASEIRO;m. de tomate,tomate,pimentão ,cebola;NÃO;NÃO
MOLHO DE ERVAS;tomilho,orégano,manjericão,m.tomate,louro;NÃO;NÃO
MOLHO DE QUEIJO ;leite, noz moscada,trigo, queijo;SIM;SIM
MOLHO DE QUEIJO ERVAS;leite, noz moscada,trigo, queijo, ervas;SIM;SIM
MOLHO GORGONZOLA;molho bechamel,queijo gorgonzola,;SIM;SIM
MOLHO ITALIANO ESPAGUETE;m. de tomate,manjericão,carne;NÃO;SIM
MOLHO P/ ESPAGUETE;tomate, cebola, pimentão, molho pronto;SIM;NÃO
MOLHO PARISIENSE;frango,ervilha,m.branco,margarina,fondor;SIM;SIM
MOLHO PARMESÃO;trigo,margarina,leite,cebola,queijo parmesão;SIM;SIM
MOLHO PROVOLONE;molho branco,queijo provolone;SIM;SIM
MOLHO QUATRO QUEIJOS;gorgonzola,provolone,parmesão,mussarela,m.branco;SIM;SIM
MOLHO SICILIANO;frango,presunto de frango,azeitona,m.de tomate;NÃO;NÃO
MOLHO TÁRTARO;cenoura,mostarda,maionese,salsa;NÃO;SIM
MUNGUNZÁ;leite, leite condensado,açucar;NÃO ;SIM
NHOQUE  INHAME BOLONHESA;inhame,queijo,trigo,sal,azeite,carne,m.tomate;SIM;SIM
NHOQUE 4 QUEIJOS;batata inglesa, amido de milho, queijos, m. branco;SIM;SIM
NHOQUE Á BOLONHESA;batata,m. de tomate,carne moida,ovo ;SIM;NÃO
NHOQUE DE BATATA;batata, trigo,ovo,queijo;SIM;SIM
NHOQUE DE BATATA DOCE;noz moscada,salsão,alho,ovo,trigo,margarina;SIM;SIM
NHOQUE M. DE QUEIJO;batata,m. branco,queijo,ovo;SIM;SIM
NHOQUE M. PROVOLONE;batata, amido, trigo,leite,queijo;SIM;SIM
NHOQUE M.GORGON/BACON;trigo,batata,queijo,bacon,leite;SIM;SIM
OMELETE C/ CHARQUE;ovo,trigo,verduras,charque;SIM;NÃO
OMELETE DE FRANGO;ovo,trigo,verduras;SIM;NÃO
OMELETE DE FRIGIDEIRA;tomate, cebola, pimentão, queijo, frango;NÃO;SIM
OMELETE DE QUEIJO;ovo, trigo,queijo,legumes;SIM;SIM
OVO DE CODORNA M. ROSE;catchup,maionese,cr.de leite,vinho tinto;NÃO;SIM
OVOS COZIDOS;;NÃO;NÃO
PAÇOCA;farinha,cebola,margarina,cebolinha,carne;NÃO;SIM
PAÇOCA SUÍNA;carne suína, cebola,margarina,farinha,cebolinha;NÃO;SIM
PANQUECA DE CAMARÃO;trigo,ovo,camarão,açafrão,margarina;SIM;SIM
PANQUECA DE FRANGO;leite,ovo, farinha de trigo;SIM;SIM
PANQUECA DE FRANGO;ovo,leite,farinha de tigo;SIM;SIM
PANQUECA DE RICOTA;molho branco, ricota, salsa;SIM;SIM
PANQUECA DE RICOTA;ovo,leite,farinha de trigo,ricota;SIM;SIM
PÃO GELADO  DE CAMARÃO;camarão, catupiry;SIM;SIM
PÃO GELADO DE BACALHAU;cr. de leite,leite,maionese;SIM;SIM
PÃO GELADO DE FRANGO;creme de leite, leite, frango;SIM;SIM
PÃO GELADO DE RICOTA;maionese,ricota,leite;SIM;SIM
PÃO RECHEADO; trigo,ovos,margarina,queijo,presunto,catupiry;SIM;SIM
PATANISCAS DE BACALHAU;ovo,farinha de trigo,pimenta,sal;SIM;NÃO
PATANISCAS DE PEIXE;ovo, farinha de trigo, farinha de rosca;SIM;NÃO
PAVÊ DE FRANGO;molho branco, frango, queijo;SIM;SIM
PAVÊ DE FRANGO;molho branco,queijo,verduras;SIM;SIM
PEIXE À DORÊ ;Trigo, ovo;SIM;SIM
PEIXE AO FORNO;açafrão ,sal, pimenta,verduras;NÃO;NÃO
PEIXE EMPANADO;filé de peixe,ovo,leite,trigo,oleo;SIM;SIM
PEIXE ESCABECHE;sal,colorau,tomate,cebola,pimentão;NÃO;NÃO
PEIXE GRELHADO;tempero seco;NÃO;NÃO
PEIXE GRELHADO ;SAL, PIMENTA;NÃO;NÃO
PEIXE NO COCO;coco, creme de leite, legumes variados;NÃO;SIM
PEIXE TRITURADO EMPANADO;farinha de rosca,queijo,ovo,;SIM;SIM
PENNE AO MOLHO DE QUEIJO;macarrão, molho branco,queijo parmesão;SIM;SIM
PEPINO, RABANETE;orégano, azeite;NÃO ;NÃO
PEPINO,CENOURA,RABANETE;OREGANO.AZEITE;NÃO;NÃO
PEPINO,CENOURA,RABANETE;azeite,pepino,gergelim,cenoura,,rabanete,;NÃO;NÃO
PERNIL À ESCABECHE;pernil suíno, pimentão, cebola, tomate;NÃO;NÃO
PERNIL AO FORNO ;carne suína, temperos, tomate,cebola,margarina;NÃO;SIM
PICANHA SUÍNA;margarina, ervas;NÃO;SIM
POLPETE DE FRANGO;frango,queijo,cr.leite,verduras;SIM;SIM
POLPETONE À MILANESA;carne moida,farinha de rosca, queijo,ovo;SIM;SIM
POLPETONE DE PEIXE;Trigo, creme de leite, azeitonas,peixe moido;SIM;SIM
PURÊ BATATA DOCE/ RICOTA;batata doce,ricota,azeite,leitezero;NÃO;SIM
PURÊ DE BATATA DOCE;creme de leite, leite,queijo,queijocoalho;NÃO;SIM
PURÊ DE BATATAS;batata, leite, creme de leite;NÃO;SIM
PURÊ DE INHAME;cr.de leite,leite,margarina,catupiry;NÃO;SIM
PURÊ MACAXEIRA C/ CARNE;creme de leite,margarina,leite,queijo,carne;NÃO;SIM
QUIABO ;sal ;NÃO;NÃO
QUICHE  RICOTA E CEBOLA;farinha de trigo, ovo, leite, ricota,cebola;SIM;SIM
QUICHE DE BACALHAU;Trigo,catupiry,queijo, ovo;SIM;SIM
QUICHE DE CAMARÃO;Trigo,ovo,queijo, margarina;SIM;SIM
QUICHE DE CARNE DE SOL;catupiry,trigo,margarina,carne de sol;SIM;SIM
QUICHE DE CARNE SECA;catupiry,trigo,margarina,;SIM;SIM
QUICHE DE FRANGO;ovo, margarina,trigo;SIM;SIM
RAGU DE CARNE DE SOL;carne de sol, tomate, pimentão, cebola e margarina;NÃO;SIM
RATATOUILLE;abobrinha,berinjela,tomate,manjericão,parmesão;NÃO;SIM
RIGATONE DE FRANGO ;frango, m. de tomate, m.branco;SIM;SIM
RISOTO DE CAMARÃO;creme de leite, queijo, camarão;NÃO;SIM
RISOTO DE CARNE SECA;catupiry, queijo, creme de leite, charque;NÃO;SIM
ROCAMBOLE  C/RICOTA;carne moida,ricota,salsa,cr.de.leite,far.de rosca;SIM;SIM
ROCAMBOLE CARNE;farinha de trigo, ovo, queijo coalho;SIM;SIM
ROCAMBOLE DE BACALHAU;batata,cr.de leite,ovo,trigo,margarina,bacalhau;SIM;SIM
ROCAMBOLE DE CAMARÃO;batata inglesa,ovo, leite,m. de tomate;SIM;SIM
ROCAMBOLE DE CAMARÃO;batata, ovo, leite,queijo,m. de tomate;SIM;SIM
ROCAMBOLE DE FRANGO;batata, ovo,leite,magarina;SIM;SIM
ROCAMBOLE DE QUEIJO;trigo, leite, batata,ovo, queijo ralado;SIM;SIM
ROCAMBOLE ENFORMADO;batata inglesa,maragarina,trigo,leite,frango;SIM;SIM
ROCAMBOLE QUATRO QUEIJOS;batata,leite, margarina,creme de leite, queijos;SIM;SIM
RONDELE DE CAMARÃO;molho branco, queijo;SIM;SIM
RONDELE DE FRANGO;molho branco,frango,queijo parmesão;SIM;SIM
RONDELE QUEIJO PRESUNTO;massa de lasanha,queijo,presunto,;SIM;SIM
RUBACÃO;queijo,cr.de leite,charque,catupiry;NÃO;SIM
SALADA  DE ALFACE;alfaces crespa, lisa, americana;NÃO;NÃO
SALADA AMERICANA;Creme de leite, mostarda;NÃO;SIM
SALADA C/ GERGELIM PRETO;cenoura,queijo,mostarda,mel,;NÃO;SIM
SALADA C/ SALMÃO;milho,cenoura,azeitona,batata palha;NÃO;NÃO
SALADA CAESAR;frango,alho,iogurte,maionese, croutons;SIM;SIM
SALADA CARIBE;alface , manga, repolho roxo,branco,pimentões;NÃO;NÃO
SALADA CITRICA;repolho,abacaxi,carne,alfaces,mostarda,mel;NÃO;NÃO
SALADA COMPLETA;palmito, gergelim, azeitona, queijo;NÃO;SIM
SALADA COMPLETA;azeitona, iogurte,castanha,maionese,palmito;NÃO;SIM
SALADA COUVE C/ MORANGO;couve folha, morango,acelga,azeite;NÃO;NÃO
SALADA DA MAMMA;alface americana,tomate cereja,queijo;NÃO;SIM
SALADA DAKOTA;alcega,uva passa,maionese, mostarda,frango;NÃO;SIM
SALADA DE ABÓBORA;azeite,sal,cebolinha;NÃO;NÃO
SALADA DE ABOBRINHA;cenoura, chuchu, abobrinha,sal,azeite;NÃO;NÃO
SALADA DE ESCAROLA;morango, pimentões, mel;NÃO;NÃO
SALADA DE ESPINAFRE;laranja,espinafre,ameixa,;NÃO;NÃO
SALADA DE FOLHAS ;folhas de alface;NÃO ;NÃO
SALADA DE GÃO DE BICO;azeite,tomate,cebola,pimentão;NÃO;NÃO
SALADA DE KANI;kani, azeite,alfaces,;SIM;NÃO
SALADA DE LINHAÇA;queijo, cenoura, mel;NÃO;SIM
SALADA DE MANGA;tomate,palmito, mostarda,mel;NÃO;NÃO
SALADA DE MANGA;iogurte, mostarda, mel;NÃO;SIM
SALADA DE MARACUJÁ;cr. De leite.mostarda, iogurte,mel;NÃO;SIM
SALADA DE PEIXE;peixe,maionese,vinagrete,legumes;NÃO;SIM
SALADA DE PEIXE;milho ,ervilha,peixe,maionese,coentro;NÃO;SIM
SALADA DE REPOLHO;repolho, alho,cenoura,couve folha,sal;NÃO;NÃO
SALADA DE RÚCULA;rucula,ricota,mostarda,mel,gergelim;NÃO;SIM
SALADA DE SALMÃO;salmão, cenoura, milho, azeitona, batata palha;SIM;NÃO
SALADA DE UVA QUEIJO;azeite,tomilho,limão,queijo coalho;NÃO;SIM
SALADA DELÍCIA;kani, cebola, maionese;SIM;NÃO
SALADA DOMANI;mostarda, mel, frango,queijo,alface;NÃO;SIM
SALADA FANTASIA;milho, pepino,maionese,cenoura;NÃO;SIM
SALADA FRANGO C/ MANJE.;croutons,frango,provolone,manjericão,alfaces;SIM;SIM
SALADA ICE;kiwi, manga, alface,mel.gengibre ,pimenta,kani;SIM;SIM
SALADA MISTA;alface ,pimentões,morango,couve folha,repolho;NÃO;NÃO
SALADA RICA;folhas,abacaxi,frango, hortelã,maionese;NÃO;NÃO
SALADA SABOR DO MAR;alfaces,queijo coalho,kani,oregano,mostarda,mel;SIM;SIM
SALADA SALG. DE UVA;uva, milho, frango,mostarda;NÃO;SIM
SALADA SALGADA DE UVA;cr. de leite,mostarda,maionese,frango,;NÃO;SIM
SALADA SOFISTICADA;tomate cereja,palmito,queijo,gergelim;NÃO;SIM
SALADA TABULE;trigo,azeite,verduras;SIM;NÃO
SALADA TROPICAL;iogurte, mel, azeite;NÃO;SIM
SALADA TROPICAL ;maionese,iogurte,repolho,cebola,mostarda,mel;NÃO;SIM
SALADA UVA E QUEIJO;FOLHAS, UVA, QUEIJO;NÃO;SIM
SALADA VERDE C/ QUEIJO;queijo coalho,azeite,;NÃO;SIM
SALMÃO GRELHADO;Limão,sal, pimenta;NÃO;NÃO
SALPICÃO DE FRANGO;frango, queijo, maionese, creme de leite;SIM;SIM
SALSICHA  DE FRANGO;margarina,molho de tomate, tomate,cebola,pimentão;SIM;SIM
SANDUICHE DE FORNO;frango,queijo,pão de caixa,M.branco,;SIM;SIM
SELETA DE LEGUMES ;Brócolis,Vagem cenoura, ervilha;NÃO;NÃO
SOBRECOXA REC.RICOTA;filé,ricota,salsa,cr de leite,noz moscada;NÃO;SIM
SOJA;legumes, azeite,colorau,alho,sal;NÃO;NÃO
SOPA DE CARNE ;macarrão ,legumes;SIM;NÃO
SOPA DE FEIJÃO ;macarrão ,legumes;SIM;NÃO
SOPA DE PEIXE;coco,legumes,cr.de leite,peixe;NÃO;SIM
SUFLÊ CENOURA E QUEIJO;ovo,trigo,leite,cenoura,queijo;SIM;SIM
SUFLÊ DE BACALHAU;farinha de trigo, ovo, leite;SIM;SIM
SUFLÊ DE BRÓCOLIS;ovo, farinha de trigo, brócolis, margarina;SIM;SIM
SUFLÊ DE BRÓCOLIS ;Ovo, trigo, margarina;SIM;SIM
SUFLÊ DE CAMARÃO;ovo, trigo, leite;SIM;SIM
SUFLÊ DE COUVE-FOLHA;ovo, trigo, sal,margarina,couve folha;SIM;SIM
SUFLÊ DE FRANGO;ovo, trigo, frango,legumes;SIM;SIM
SUFLÊ DE LEGUMES;ovo, trigo, margarina,legumes;SIM;SIM
SUFLÊ DE QUEIJO PRESUNTO;ovo,trigo, leite ,queijo,presunto;SIM;SIM
SUFLÊ DE SALMÃO;ovos, molho branco, salmão;SIM;SIM
SUFLÊ QUATRO QUEIJOS;farinha de trigo, ovo, queijo ,cr.de leite;SIM;SIM
TAPIOCA DOCE ;coco,leite condensado açucar;NÃO;SIM
TERRINE DE BERINJELA;ovo, m. branco,tomate seco,oregano,queijos;SIM;SIM
TOMATE CEREJA E QUEIJO;queijo,manjericão,oregano,toamte;NÃO;SIM
TOMATE EM RODELAS;;NÃO;NÃO
TOMATE REC. CAMARÃO;filé de camarão,creme de leite;NÃO;SIM
TOMATE REC. FRANGO;file de frango, creme de leite;NÃO;SIM
TOMATE REC. RICOTA;cr. de leite,salsa,ricota,sal,queijo;NÃO;SIM
TORTA  ABOBORA C/ CARNE;creme de leite, catupiry, trigo, carne seca;SIM;SIM
TORTA  ABOBORA C/CAMARÃO;trigo,ovo,camarão,margarina;SIM;SIM
TORTA  ABOBORA CAMARAO;catupiry,creme de leite,trigo;SIM;SIM
TORTA  PURÊ C/ CAMARÃO;leite,ovo,margarina,trigo,;SIM;SIM
TORTA CREPE DE CAMARÃO;ovo  , leite ,trigo ,camarão ,m.de tomate;SIM;SIM
TORTA DE  CARNE SECA ;provolone ,mussarela,purê de inhame,catupiry;NÃO;SIM
TORTA DE FRANGO;ovo, trigo, margarina;SIM;SIM
TORTA DE RICOTA; ovo, leite condensado,goibada,ricota;SIM;SIM
TORTA FRANGO C/ CATUPIRY;ovo, trigo, margarina ervilha, milho;SIM;SIM
TORTA FRANGO C/ QUEIJO;ovo, trigo, margarina, queijo;SIM;SIM
TORTA MADALENA;batata,leite, cr. de leite, carne moida,queijo;NÃO;SIM
TORTELETE DE BACALHAU;bacalhau, catupiry,azeite;SIM;SIM
TORTELETE DE CAMARÃO;camarão,trigo, ovo  catupiry;SIM;SIM
VAGEM C/ QUEIJO;queijo, azeite;NÃO;SIM
VAGEM C/ QUEIJO;TOMATE,VAGEM ,QUEIJO COALHO;NÃO;SIM
VAGEM QUEIJO E TOMATE;sal,vagem,tomate,queijo;NÃO;SIM
VINAGRETE;tomate, cebola, pimentão, coentro;NÃO ;NÃO
CONTRAFILÉ M.MADEIRA;cebola,bacon,vinho,cenoura,trigo,shoyou;SIM;NÃO
PESCADA AMARELA / FORNO;açafrão,sal,pimenta,trigo,tomate,alcaparra;SIM;NÃO
BACALHAU ITALIANO;tomate seco,azeitonas,alcaparras,pimenta,orégano;NÃO;NÃO
PICANHA SUÍNA M.BARBECUE;vinagre,polpa de tomate,melaço,mostarda;NÃO;NÃO
FÍGADO ACEBOLADO;figado bovino,cebola,sal,óleo,alho;NÃO;NÃO
BACALHAU NO COCO;legumes,cr.de leite,leite coco,óleo dendê,sal,;NÃO;SIM
FRANGO M. PROVOLONE;trigo,leite,margarina,noz moscada, provolone,;SIM;SIM
